User Index,User Interactions,Slate Movies,Response Vector
0,73|96|105|101|29|17|83|89|85|18|39|65|62|64|20|32|67|69|106|75|68|92|95|37|77|82|9|2|48|24|38|54|93|47|28|53|55|0|52|8|63|74|23|72|94|103|79|99|80|81|78,7|71|40|57|49|104,1|1|1|1|1|1
2,103|37|20|62|45|74|83|97|89|53|23|95|7|4|59|87|69|68|82|67|41|101|49|100|52|80|30|50|96|107,85|90|91|65|113|109,1|1|1|1|1|1
3,48|47|11|23|34|37|45|12|27|24|50|28|25|9|5|8|31|40|6|51,32|30|46|0|19|52,1|1|1|1|1|1
4,48|47|23|11|34|14|12|28|27|45|18|24|49|50|37|38|35|29|25|26|3|21|13|16|19|9|36|15|31|32|7|33|46|5|51|39|44|8|40|41|4|30|1,2|52|22|57|55|62,1|1|1|1|1|1
5,97|90|72|83|110|106|100|86|81|121|44|49|29|38|48|11|20|34|46|57|0|73|45|53|14|8|67|130|127|122|112|105|125|116|123|118|117|114|120|113|101,78|133|96|131|60|50,1|1|1|1|1|1
6,11|48|34|23|47|12|18|49|21|37|25|16|19|3|15|29|38|9|5|31|36|7|32|39|4|8|6|33|44,40|1|43|51|30|41,1|1|1|1|1|1
8,29|92|9|2|73|11|46|37|3|28|38|21|54|34|33|57|53|55|14|12|35,25|88|90|87|16|49,1|1|1|1|1|1
10,88|69,106|107|105|51|7|95,1|1|1|1|1|1
11,48|47|11|23|12|27|18|25|35|49|9|7|4|6|32|29,41|38|33|43|51|40,1|1|1|1|1|1
12,23|29|49|38|25|20|9|46|48|0|57|73|47|11|69|67|40|94|134|58|82|74|137|92|61|133|76|95|109|66|68|116|127|122|100|135|81|131|103|77|78|8|63|22|7|101,89|71|10|42|79|104,1|1|1|1|1|1
13,66|106|101|103|105|75|42|67|81|95|78|4|85|96|38|24|84|15|20|62|32|1|79|99|19|65|0|5|80|68|90|83|102|89|17|91|29|30|45|44|27|97|39|98|18|41|51|43|34|12|31|64|69|82|48|73|93|54|3|26|53|55|35|16|100|63|70|7|46,13|60|33|37|22|14,1|1|1|1|1|1
14,108|121|112|117|123|120|110|122|116|105|109|107|118|113|106|119|45|50,64|1|5|62|43|31,1|1|1|1|1|1
15,25|103|116|42|127|29|58|121|19|66|109|136|133|128|135|111|131|130|107|126|129|134|124|117,110|105|119|132|125|112,1|1|1|1|1|1
16,126|72|52|60|58|76|59|109|8|115|66|23|107|63|130|42|129|74|71|75|79|77|22|56,70|61|36|2|4|65,1|1|1|1|1|1
17,23|48|34|11|14|12|28|27|35|37|49|3,15|5|7|29|36|16,1|1|1|1|1|1
18,77|73|0|50|5|31|1|47|38|24|53|55|67|70|57|20|60|64|85|88|29,68|32|69|93|81|96,1|1|1|1|1|1
19,4|111|42|84|109|8|134|25|103|135|23|22|67|101|131|77|58|74|116|63|76|127|122|95|75|20|65|70|133|129|73|92|61|78|46|37|118|38|126|9|105|132|107|99|120|106|48|54|28|57|85|33|96|55|72|71|60|69|119|94|40|49|104|2|100|56|87|7|117|123|89|125|13|19|86|47|108|83|98|97,68|128|29|52|24|130,1|1|1|1|1|1
20,81|60|69|58|25,133|65|72|74|77|8,1|1|1|1|1|1
21,55|0|57|53|54|62|45|27|14|3|33|78|69|68|70|67,75|81|80|61|65|59,1|1|1|1|1|1
22,0|4|57|55|53|54|2|52|62|20|23|8|25|48|49|41|68|12|59,67|69|30|61|6|40,1|1|1|1|1|1
23,100|8|95|37|88|74|92|45|87|5|90|4|56|46|49|0|52|11|73|17|9|29|6|86,22|40|25|85|23|13,1|1|1|1|1|1
24,125|126|129|95|110|88|3|33|85|106|118|84|30|86|122|9|29|115|107|103|109,100|57|96|25|46|61,1|1|1|1|1|1
25,48|11|24,18|47|6|15|50|8,1|1|1|1|1|1
27,48|34|23|47|11|49|12|27|14|24|18|28,26|21|29|37|62|25,1|1|1|1|1|1
28,48|11|47|34|23|45|12|49|50|37|21|13|35|25|26|29|19|16|36|9|38|31|32|33|8|39|43|51|6,40|53|55|17|30|41,1|1|1|1|1|1
29,20|84|4|81|75|64|70|95|73|60|106|79|46|49|100|8|63|52|61|65|101|68|91|45|31|69|76|58|67|82,7|62|23|48|74|37,1|1|1|1|1|1
30,23|48|47|11|34|27|12|45|14|50|26|24|25|0|18|35|16|21|9|5,10|36|17|37|31|32,1|1|1|1|1|1
31,64|105|106|108|58|76|23|74|95|85|83|97|87|3|19|67|61|60|37|77|14|40|25|49|103|63|8|9|94|92|11|80|7|29|31|47|54|13|90|17|28|51|86|21|43|53|34|24|57|98|27|96|18|15|35|12|99|81|68|102,59|91|93|73|48|20,1|1|1|1|1|1
32,11|48|47|23|34|45|14|12|27|37|50|24|29|18|28|21|26|35|25|38|16|15|13|9|3|46|33|19|36|32|39|31|7|44,53|41|62|5|51|0,1|1|1|1|1|1
33,57|55|0,83|20|2|53|54|73,1|1|1|1|1|1
34,42|97|95|58|104|76|80|32|31|45|50|20|67|92|69|37|46|82|73|34|98|54|38|96|53|24|26|60|78|84|85|57|15|9|61|0|29|83|51|90|30|6|44|39|89|27|43|102|8|49|74|87|100|101|112|113|110|103|23|107|56|11|91|64|94|79|114|17|108|106|105|118|116|124|120|123|119|47|14|81|21|18|62|68|88|65,2|4|93|99|125|86,1|1|1|1|1|1
35,48|47|45|14|28|27|12|18|50|24|25|3|13|35|21|15|0|16|19|49|34|37|9|6,10|32|36|31|8|4,1|1|1|1|1|1
36,93|112|84|95,106|118|85|66|120|57,1|1|1|1|1|1
37,100|97|85|75|70|67|60|59|46|40|27|10|112|111|58|51|49|34|33,134|129|1|24|20|121,1|1|1|1|1|1
38,23|47|48|11|45|0|25|13|26|50|4|9|8|37|49|29|38,46|43|33|36|39|7,1|1|1|1|1|1
40,48|34|23|28|14|12|27|25|18|26|24|49|13|21|35|19|15|16|37|3|9|7|36|31,46|29|54|32|38|6,1|1|1|1|1|1
41,53|58|29|76|66|0|45|50|31|101|65|80|68|6|42|59|49|60|8|100|52|37|78|95|32|85|97|41|39|34|44|91|99|102|69|67|73|93|20|82|3|47|54|38|96|28|35|81|71|4|46|84|24|15|88|72|70|40|9|92|57|30|83|48|26|55|12|61|77|105|33|16|11|87,51|2|23|56|86|98,1|1|1|1|1|1
42,23|48|47|11|34|14|45|37|12|27|50|28|29|18|21|38|25|15|13|16|9|19|36|46|32|33|7|31|39|51|44|8|41|40|6|4|30,55|62|17|53|22|57,1|1|1|1|1|1
43,73|10|92|9|95|46|85|53|3|38|54|57|42|58|59|40|67|72|77|49,60|52|20|76|32|64,1|1|1|1|1|1
44,72|122|79|116|74|111|129|127|63|109|22|126,75|25|128|8|4|49,1|1|1|1|1|1
45,120|127|116|122|94|95|128|107|29|20|125|110|27|58|112|73|85|101|129|47|55|49|109|64|0|38|23|33|92|78|40|7|5|9|126|45|24|124|121|80|97|84|12|87|50|115|46|57|61|68|44|51|25|103|39|106|113|75|32|18|62|15|65|98|83|52|119|102|131|130|86|2|4|111|74|31|67|104|91|6|63|100|19|60|72|43|10|108|79|93|22|89|17,8|76|56|77|30|66,1|1|1|1|1|1
46,97|84|98|103|110|129|125|127|109|122|124|7|22|95|100|102|25|116|101|61|68|49|4|9|126|65|23|67|20|91|81|17|77|92|86|90|70|63|83|73|37|99|105|120|118|78|29|79|75|119|42|80|52|93|74|62|43|112|87|10|38|48|47|34|46|57|0|128|130|8,96|16|69|59|30|71,1|1|1|1|1|1
47,59|17|76|99|97|107|116|90|48|46|130|29|95|20|125|38|129|100|110|88|131|105|122|49|73|117|92|96|25|132|120|103|127|85|34|67|11|27|106|24|123|128|57|64|0|52|115|109|112|47|7|9|33|101|68|50|126|37|14|119|62|32|12|78|3|118|91|84|121|53|114|75|113|82|5|19|80|8|45|87|108|83|41|16|69|61|31|35|21|39|86|102|70|6|18|51|15|43|2|55|36|111|65|104|42|44|79|72|94|22|60|89|77|63|1|133|23|134|135|30|66|74|71|136|58,98|124|137|93|81|40,1|1|1|1|1|1
48,73|66|67|20|79|29|42|88|46|95|23|106|85|96|60,108|114|100|25|49|8,1|1|1|1|1|1
49,57|55|0|62|20|52|54|73,46|78|53|16|61|14,1|1|1|1|1|1
50,115|59|58|76|66|40|8|23|29|49|25|20|37|9|11|47|46|57|73|4|33|27|101|95|7,94|69|67|14|53|81,1|1|1|1|1|1
51,23|10|133|52|109|115|101|72,66|107|71|58|76|111,1|1|1|1|1|1
52,120|127|96|95|75|60|116|70|59|88|7|132|130|110|122|20|42|61|46,69|82|67|78|48|93,1|1|1|1|1|1
53,61|14|78|46|23|38|25|29|49|20|11|0|57|47|34|4|52|95|33|27,99|53|70|82|81|69,1|1|1|1|1|1
54,67|20|58|76|92|77|95|78|37|70|73|68|82,33|46|2|85|38|105,1|1|1|1|1|1
55,34|23|48|11|14|27|12|45|18|37|24|29|38|26|25|13|9|3|16,31|32|4|7|46|33,1|1|1|1|1|1
56,108|82|118|20|93|88|90|45|69|67|73|76|63|12|1|127|112|124|125|106|120|29|38|47|48|9|34|46|0|57|14|50|27|53|5|31|7|54|81|58|3|18|36|30|92|15|95|2|85|96|75|61|70|22|105,116|84|83|97|110|32,1|1|1|1|1|1
57,60|25|134|115|137|109|101|116|127|92|100|9|136|29|42|79|71|105|86|77|81|129|31|110|117|126|82|104|132|119|118|43|108|125|122,93|61|38|50|13|114,1|1|1|1|1|1
58,55|62|2|52|54|23|29|49|37|25|40|8|17|20|11|28|61|73|13|30|41|38|33|65|69|36|5|67|44|58|66|47|34|51|74|39|43|68|72|70|79|82|14|59,3|75|81|80|64|48,1|1|1|1|1|1
60,25|134|20|0|137|101|109|127|92|125|110|45|122|116|100|96|47|88|120|105|53|124|95|103|128|37|106|131|73|14|64|38|107|50|67|119,114|80|135|57|29|112,1|1|1|1|1|1
62,25|8|40|66|89|119|17|129|126|137|123|132|114|134|116,122|127|117|109|111|133,1|1|1|1|1|1
64,79|90|98|99|66|58|55|63|73|85|65|60|31|45|41|50|42|29|39|51|23|13|4|22|12|67|116|127|46|70|78|129|103|17|126|130|111|11|2|84|112|25|49|93|109|74|59|16|43|9|118|125|120|114|8|69|7|95|20|82|68|100|102|107|76|104|0|92|81|123|38|37|48|47|34|57|52|33|27|28|53|14|24|26|54|18|3|32|21|64|44|35|30|36|62|15|19|6|80|96|75|61|10|105|87|1|97|91|56|71|72|110,106|113|86|122|83|119,1|1|1|1|1|1
65,29|45|41|85|30|5|90|0|80|96|38|34|54|47|28|3|1|26|24|12|53|35|55|20|64|32|25|92,49|9|11|87|40|88,1|1|1|1|1|1
66,34|23|47|48|11|45|12|14|27|18|24|49|37|35|21|25|29|26|15|38|3|19|13|16|9|32|46|5|31|7|39|33|43,6|51|44|1|30|4,1|1|1|1|1|1
67,61|92|81|6|84|72|67|76|98|118|60|20|42|71|75|95|78|46|120|4|115|63|119|121|22|52|69|122|82|5|93|41|70,111|106|91|38|73|128,1|1|1|1|1|1
68,76|53|93|69|20|58|73|70|82|46|95|61|105|9|38|33|34|57|54|40|92|23|101|0|5|8|63|11|32|64,96|75|88|35|36|99,1|1|1|1|1|1
69,49|58|92|66|73|105|106|107,116|108|95|110|33|114,1|1|1|1|1|1
70,3|11|48|13|35|12|28|18|45|14|27|22,23|24|25|34|19|21,1|1|1|1|1|1
71,74|97|90|33|117|68|80|30|41|51|34|44|48|98|99|23|47|29|83|92|81|91,85|123|53|17|124|94,1|1|1|1|1|1
72,73|98|101|97,106|99|17|103|105|100,1|1|1|1|1|1
73,48|47|11|23|34|28|27|45|12|14|25|18|49|13|35|37|19|7|6|36|31|29|38|46|33|22,41|17|43|2|26|39,1|1|1|1|1|1
74,29|81|85|122|116|115|112|80|6|30|41|32|39|50|31|45|83|97|51|43|57|3|71|96|20|54|113|40|121|110|7|58|124|34|9|130|118|22|48,128|109|125|1|52|65,1|1|1|1|1|1
75,0|1|34|23|47|11|25|28|27|12|26|24|14|19|13|35,15|21|9|10|16|18,1|1|1|1|1|1
76,91|38|88|120|116|122|123|42|95,118|117|111|81|64|115,1|1|1|1|1|1
77,11|34|48|23|45|27|28|14|12|49|37|18|25|26|13|29|19|9|38|36|47|7|5|46|31|32|39|33|8|6|43|51|44|4|40,56|17|2|54|30|57,1|1|1|1|1|1
78,101|115|72|42|9|52|103|77|95|66|23|69|63,7|56|10|92|100|40,1|1|1|1|1|1
79,49|101|22|6|80|30|51|88|29|44|41,10|66|62|59|58|20,1|1|1|1|1|1
80,92|31|69|47|85|38|23|77|50|45|67|95|34|55|100|88|12|48|5|4|46|9|101|20|70|78|86|49,105|37|90|57|106|72,1|1|1|1|1|1
81,49|42|51|7|29|38|37|11|46|57|47|40|69|33|81|58|14|55|88|39|32|18|105|66|82|41|61|99|43|87|97,114|125|118|93|13|107,1|1|1|1|1|1
82,11|47|48|23|34|49|14|27|12|45|50|37|18|28|26|29|35|21|25|24|13|19|15|38|3|36|9|46|31|32|39|33|7|51|44|43|8|40|41|4|30|6|1|22|2|55|53,57|5|54|52|61|56,1|1|1|1|1|1
83,12|58|40|47|102|76,67|52|23|74|92|94,1|1|1|1|1|1
84,57|55|4|53,52|73|20|62|58|54,1|1|1|1|1|1
85,48|47|11|23|34|37|27|24|29|28|50|25|35|21|13|9|19|36|33|7|51,2|0|41|6|57|40,1|1|1|1|1|1
86,83|97|94|104|52|8|25|128|109|23|29|20|38|49|9|0,124|73|101|117|67|27,1|1|1|1|1|1
87,11|23|47|34|48|49|27|14|12|45|28|24|18|37|50|35|29|26|25|38|15|16|21|13|19|36|9|46,5|39|33|31|7|32,1|1|1|1|1|1
89,88|59|49|69|9|61,82|52|65|67|66|20,1|1|1|1|1|1
90,45|65|73|20|67|24|98|57|16|9|95|122|92|101|112|126|116|125|120|110|109|106|38|105|132|88|129|127|53|107|114|96|103|131|54|62|55|119|68|121|97|51|91|21|7|84|19,77|111|15|42|83|113,1|1|1|1|1|1
91,11|48|23|47|34|12|45|14|27|28|50|18|24|25|26|35|13,21|19|9|16|0|15,1|1|1|1|1|1
92,52|10|25|8|66|58|76|134|137|20|95|109|74|65|49|67|101|94|116|127|23|42|128|122|133|63|92|9|22,29|70|7|56|75|111,1|1|1|1|1|1
93,79|127|63|8|94|29|48|131|116|20|122|95|128|111|125|130|59|109|58|76|45|81|129|118|114|7|73|121|88|107|31|113|64|5|110|106|30|6|97|87|117|0|126|67|27|101|39|41|19|96|43|90|22|83|98|56|71|112|124|84|137|132|133|86|89|134|135|4|136|25|49,103|23|50|91|115|62,1|1|1|1|1|1
94,11|47|48|23|34|12|45|28|49|37|25|29|38|15|9|46|19|7|32|36|17|61,4|8|33|40|57|41,1|1|1|1|1|1
95,47|48|23|34|12|45|28|27|24|18|50|13|35|0|19|16,36|49|7|9|32|31,1|1|1|1|1|1
96,69|64|88|40|83|86|18|52|49|100|7|46|95|37|22|33|13|89|28|44|14|70|78|85|4|96|26|57|101|80|0|90|17|98|34|97|116|109|110|105|108|113|106|1|32|92|9|38|53|21|12|82|61|67|68|48|73|93|20|107|62|23|25|103|74,75|91|58|59|65|71,1|1|1|1|1|1
97,23|48|34|47|11|28|14|45|27|12|50|26|18|24|13|3|35|15|16|19|21|9|7|5,36|22|32|37|49|31,1|1|1|1|1|1
98,25|116|100|107|124|92|47|57|11|40|46|110|122|95|38|88|29|23|117|20|85|127|9|114|99|45|105|96|103|67|69|58|76|59|49|75|42|70|72|68|52|73|79|56,66|0|65|60|10|81,1|1|1|1|1|1
100,25|40|76|8|50|69|92|88|78|37|86|61|45|42|81|82|64|7|67|20|66|52|11|58|47|22|23|74|2|54|96|9|5|0|49|80|63|29|31|38|13|51|41|53|36|95|33|28|55|21|14|105|108|57|110|117|62|109|60|85|119|116|114|113|39|112|101|104|87|120|123|127|97|124|125|122|70|75|34|35|44|15|16|59|99,133|126|73|118|130|1,1|1|1|1|1|1
101,48|47|23|11|34|14|27|45|28|5|40|50|29|31|49|18|35|37|13|21,8|33|38|32|46|7,1|1|1|1|1|1
102,17|84|103|97|110|90|83|107|94|101|125|109|124|23|49|116|122|127|40|75|115|56|66|42|30|29|38|48|47|11|9|46|34|0|57|4|45|33|53|27|12|95|7|92|31|5|54|51|39|55|18|19|100|41|3|44|35|80|85|6|16|82|61|43,104|1|98|86|105|93,1|1|1|1|1|1
103,47|11|23|48|34|27|12|45|14|25|50|24|26|18|13,35|21|0|8|10|16,1|1|1|1|1|1
105,75|85|67|60|20|73|70|78|81|71|64|1|46|84,38|42|26|57|24|4,1|1|1|1|1|1
106,57,62|54|4|52|2|53,1|1|1|1|1|1
108,92|91|103|48|12|0|83|45|90,20|70|96|105|85|106,1|1|1|1|1|1
109,69|20|6|5|90|65|88|66|56|23|8|58|52|89|59|72|80|17|30|85|99|32|41|102|39|15|63|60|49|29|38|37|47|11|25|0|27|53|7|81|101|51|44|64|95|43|42|10|82|76|105|87|74|97|91|71|107|83|77,124|109|93|125|115|86,1|1|1|1|1|1
111,92|52|9|22|8|101|74|23|40|49|100|67|69|70|42|77|61|64|82|78|102|99|48|75|20|60|95|73|4|106|38|85|84|96|57|24|15|0|80|37|2|33|54|14|53|26|35|55|12|29|7|10|3|44|93|32|5|31|50|1|56|11|19|105|94|104|81|107|72|98|110|58|76|79|118,103|127|46|120|122|116,1|1|1|1|1|1
113,48|47|11|23|12|25,29|52|44|21|8|40,1|1|1|1|1|1
115,90|64|106|73|107|9|69|67|46|82|61|70|78|38,93|85|105|84|48|57,1|1|1|1|1|1
116,9|73|119|123|122|120|58|92|69|76|107|95|68,48|33|38|114|82|67,1|1|1|1|1|1
117,94|128|131|95|127|103|130|25|8|133|109|115|22|116|101|122|23|111|63|7|49|58|76|77|67|40|20|96|73|66|69|132|118|106|48|32|12|85|86|92|4|100|75|82|71|68|79|56|52|112|0|120|126|110|119|33|114|3|105|45|28|64|108|123|53|102|129|99|51|124|80|88|93|35|78|91|37,61|104|87|29|2|83,1|1|1|1|1|1
118,127|132|54|15|111|86|84|131|106|48|125|114|118|73|17|121|110|116|122|119|113|85|112|67|68|62|130|124|100|0|20|45|9|29|80|38|70|108|25|11|92|101|56|41|65|49|23|75|42|89|52,60|50|82|43|69|6,1|1|1|1|1|1
119,115|52|66|58|76|101|10|72,23|59|74|63|29|77,1|1|1|1|1|1
120,83|124|125|50|31|45|5|65|112|0|62|41|51|29|81|68|114|6|85|80|96|118|117|123|120|108|122|116|113|121|126|127|38|37|11|25|40|33|27|55|18|39|64|92|15|16|95|88|100|43|1,97|90|110|104|86|98,1|1|1|1|1|1
121,48|47|11|23|50|49|13|25|16|9|38|36|29|31|39|43|44|51|41|55|12|45|27|37,33|3|5|21|15|54,1|1|1|1|1|1
122,57|4|0|53|20|62|52|73|58|48|49|23|39|7|32|10|34|25|69|42|82|67|65|81,80|68|66|75|63|72,1|1|1|1|1|1
123,49|106|73|40,129|100|105|81|85|47,1|1|1|1|1|1
124,23|48|11|12|45|24|50|26|29|38|3|19|9|46|39,30|44|51|33|40|43,1|1|1|1|1|1
125,47|11|23|34|48|14|45|37|27|12|18|50|28|29|24|26|21|38|13|15|3|19|36|46|44|51|5|40|41,8|57|4|6|55|53,1|1|1|1|1|1
126,23|11|48|47|34|14|28|27|45|12|46|54|57|33|49|24|18|26|35|37|25|21,9|36|13|7|6|3,1|1|1|1|1|1
127,109|94|8|101|92|38|116|125|49|130|0|29|128|34|107|95|47|9|37|132|127|122|23|25|46|57|40|52|33|50|28|69|7|55|81|3|30|36|78|16,13|115|66|74|80|103,1|1|1|1|1|1
128,47|11|48|23|34|12|27|28|14|37|49|24|18|21|25|13|35|26|29|16|19|15|38|9|36|31|7|46|32|33|5|39,4|0|52|57|53|55,1|1|1|1|1|1
129,67|65|68,74|20|103|116|69|95,1|1|1|1|1|1
130,48|47|23|34|45|27|28|14|49|50|37|29|38|24|13|3|9|36|15|7|5|33|44|39|32|51,2|6|62|30|41|22,1|1|1|1|1|1
131,83|86|111|4|95|120|67|71|42|73|60|64|106|84|85|57|96|122|116|110|109|103|22|77|101|72|56|66|52|10|59|89|107|33|54|9|92|114|69|121|48|112|68|63|23|8|7|40|47|58|76|2|105|3|53|29|13|113|80|49|82|37|93|65|102|17|90|12|118|104|119|74|98|34|97|18|117|87|94|25|11|108|19|61|125|43|0|79|70|75|78|46|115|126|127|81|129|128|38|20|14|24|51,91|131|15|62|132|100,1|1|1|1|1|1
132,67|9|70|92|73|75|58|61|77|54|46|38|34,85|33|48|106|37|84,1|1|1|1|1|1
133,17|88|117|109|122|111,31|0|5|119|45|50,1|1|1|1|1|1
134,66|73|69|117|33|113|39|75|49|42|65|50|31|20|78|64|67|46|70|60|95|38|85|84|96|57|24|26|15|80|0|110|45|116|118|97|105|99|62|1|82|68,48|53|93|3|54|34,1|1|1|1|1|1
135,126|129|111|103|23|77|63|128|132|101|89|71|109|79|8|17|10|75|127|25|116|20|122|49|42|107|60|94|7|56|118|73|34|69|52|55|33|9|29|124|19|120|84|130|95|105|59|85|80|43|40|51|39|18,47|70|65|67|57|96,1|1|1|1|1|1
137,52|4|2|0|10|13|5|9|11|12|17|6|24|21|34,8|7|25|22|16|23,1|1|1|1|1|1
138,47|23|34|11|28|24|21|3|49,36|15|29|38|9|7,1|1|1|1|1|1
139,73|35|3|81|8|63|95|100|46|2|13|33|89|67|40|101|82|53|52|20|61|105|106|14|23|25|92|74|4|11|56|90|86|64|91|77|107|108|94,72|110|102|10|87|117,1|1|1|1|1|1
140,66|29|95|96|22|91|42|23|46|78|12|48,8|60|92|74|25|58,1|1|1|1|1|1
141,59|109|56|103|100|71|87|86|105|29|48|24|63|115|120|118|60|95|75|64|67|4|78|81|85|38|84|23|101|8|49|9|46|92|7|104|116|98|73|117|30|80|68|107|27|79|5|76|25|69|52|20|74|94|96|57|15|51|89|53|114|91,93|112|42|31|99|70,1|1|1|1|1|1
142,95|96|52|63|10|49|90|25|8|23|92|74|40|88|37|29|11|7|72|58|68|69|42|75|87|65|41|71|85|55|73|33|34|51|101|100|17|80|105|108|20|118|94|83|57|48|109|78|46|119|2|13|28|123|115|98|59|97|44|64|128,133|22|56|102|114|67,1|1|1|1|1|1
143,27|45|75|83|97|5|81|117|119|91|25|129|7|115|53|106|110|118|112|134|69|120|131|130|38|73|124|96|103|85|11|20|116|121|128|9|114|68|113|84|14|126|108|61|105|122|51|123|67|29|101|82|62|0|88|55|125|111|74|6|86|93|43|23|90|33|57|109|47|102|127|41,32|3|39|87|95|30,1|1|1|1|1|1
144,98|100|102|88|97|83|51|90|20|96|48|12|57|81|93|82|67|69|54|74|92|11|5|0|29|68|101|91|34|85|99|49|4|23|73|22|89|44,64|78|38|15|46|84,1|1|1|1|1|1
145,20|73|67|49|25|58|59|92|60|101|52|72|23|64|22|76|69|37|9|78|61|95|82|2|48|106|38|3|53|75|68|70|46|33|84|85|47|93|96|1|65|80|0|99|102|30|91|29|57|8|63|100|104|13|71|81|42,50|103|11|86|4|45,1|1|1|1|1|1
146,65|136|110|112|115|132|103|7|94|22|109|23|134|63|128|77|58|101|111|95|40,116|49|131|72|71|126,1|1|1|1|1|1
147,53|4,52|57|62|55|54|0,1|1|1|1|1|1
149,100|95|96|37|92,73|3|9|34|46|54,1|1|1|1|1|1
150,131|134|137|109|8|120|119|29|58|76|127|101|92|77|25|73|87|23|61|95,67|105|69|103|20|65,1|1|1|1|1|1
151,46|78|88|134|61|0|110|116|127|122|82|93|69,58|75|86|125|59|119,1|1|1|1|1|1
153,91|87|82|29|68|100|25|103|122|92|69|20|67|8|101|111|116|127|49|70|115|109|72|59|71|128|52|23|63|40|56,93|102|17|104|114|125,1|1|1|1|1|1
154,69|106|105|53|50|0|45|31|65|68|101|90|80,91|102|99|107|6|5,1|1|1|1|1|1
155,100|46|69|92|78|9|37|67|61|95|82|73|2|28|48|34|21|93|96|53|57|85|3|24|55|26|12|16|20|38|47|62|54|35|1|0|52|8|23|63|7|32|81|5|102|65|80|99|29|30|91|17|44|39|27|76,58|84|70|75|14|77,1|1|1|1|1|1
157,103|116|82|62|53|32|19|45|54|0|90|122|132|25|8|109|69|94|67|20|131|74|22|63|130|7|101|49|95|65|111|127|61|124|133|102|87|73|129|92|107|4|126|125|123|80|46|114|78|99|86|100|119|17|58|128|42|43|16|34|120|118|56|1|85|18|14|81|108|55|39|33|12|113|110|31|97|121|106|91|35|83|21|98|11|105|93|84|3|38|27|23|57|2|48|24|52|76|112|88|96|68|117,50|15|64|37|135|134,1|1|1|1|1|1
158,95|103|94|8|25|109|23|89|17|78|46|61|69|112|124|0|125|135|20|38|11|57|73|4|34|45|52|67|33|27|53|81|7|31|55|24|28|100|5|18|54|85|88|3|118|99|122|107|131|110|47|97|108|119|123|127|66|84|113|58|68|83|121|129|16|80|70|93|104|87|106|74|29|59|43|82|2|42|71|63|79,130|92|14|134|96|126,1|1|1|1|1|1
159,97|74|103|90|72|66|25|125|49|65|107|88|102|58|63|80|4|1|128|8|115|69|111|40|101|52|23|59|77|10|42|68|75|79|100|29|38|47|46|57,71|95|131|56|124|70,1|1|1|1|1|1
160,100|25|128|57|95|133|49|99|88|109|130|50|0|126|7|120|47|23|110|96|27|106|118|127|117|87|78|124|20|69|37|5|129|131|55|9|112|97|52|115,134|65|32|38|80|113,1|1|1|1|1|1
161,81|88|102|99|91|20|92|58|40|49,29|73|33|68|6|80,1|1|1|1|1|1
162,96|67|101|17|81|68|45|65,34|90|99|75|18|44,1|1|1|1|1|1
163,116|95|105|87|96|69|61|38|32|29|47|20|46|57|0|45|4|12|27|53|50|67|31|81|3|18|39|64|62|16|6|85|78|66|43|82|65|99|17|1|91|84|97|90|71|103|98|79|106|110|93|89|120|114|94|113|117|127|125|118|112|122|24|73|121|101|88|124|119|131|80|77|11|52|23|33|108|68|126|7|123,133|54|128|83|102|111,1|1|1|1|1|1
164,48|47|11|23|34|27|28|12|26|25|3|19|15|9|36|5|29|32|46|37|49|35|41|39|30|43|31|14|38|33,44|51|0|53|55|40,1|1|1|1|1|1
165,25|47|131|124|130|46|57|118|107|49|106|45|122|88|100|85|99|53|105|7|27|126|12|48|103|125|34|31|50|97|11|129|127|87|51|55|33|108|84|62|44|75|117|91|32|19|5|70|41|40|18|104|43,59|93|86|1|6|64,1|1|1|1|1|1
166,106|78|119|118|68|0|29|124|73|45|39|125|112|1|108|11|122|102|131|79|127|95|130|55|69|51|120|105|9|62|88|110|99|64|133|6|50|117|31|107|126|129|109|58|128|25|134|135|67|96|20|132|114|104|61|100|86|46|123|33|85|93|82|57|113|103|14|81|90|15|53|43|121|3|38|116|98|18|65|80|40,7|137|136|92|23|94,1|1|1|1|1|1
167,18|27|109|110|38|69|20|67|92|61|70|95|75|73|82|48|33|93|85|106|53|96|12|62|108|47|55,5|31|43|0|64|45,1|1|1|1|1|1
168,34|11|47|48|23|45|28|27|12|37|49|50|35|13|26|25|29|16|3|9|38|36|46|31|5|33|39|43|51|6|4|41,55|30|40|53|17|57,1|1|1|1|1|1
171,122|20|126|120|103|9|133|107|8|45|49|85|31|95|58|90|52|29|24|38|101|23|46|132|118|119|73|66|51|82|106|28|116|50|92|65|57|69|7|54|25|0|134|34|61|84|78|75|87|32|113|131|97|102|129|123|68|41|47|110|21|18|121|70|125|86|36|80|37|16|130|63|2|67|105|74|76|71|99|98|96|72|93|111|108|112|56|104|44|42|94|77|53,22|4|60|114|124|127,1|1|1|1|1|1
172,23|48|47|34|11|27|37|12|45|14|18|50|28|29|24|38|35|26|25|21|13|3|15|16|9|33|36|46|19|31|32|39|5|41,55|6|1|62|57|0,1|1|1|1|1|1
173,23|11|47|34|48|45|27|28|12|25|26|18|24|21|13|35|15|16|19|37,4|6|36|49|7|10,1|1|1|1|1|1
174,48|34|45|14|12|50|35|13|3|29,33|53|40|43|46|55,1|1|1|1|1|1
175,49|70|53|105|67|42|81|68|99|92|9|29|37|46|95|54|33|28|85|3|34|21|84,57|26|14|24|55|2,1|1|1|1|1|1
177,4|75|70|94|98|11|81|131|89|52|10|86|128|110|136|23|7|58|74|22|79|100|56|103|63|104|132|95|133|82|111|67|134|124|116|122|78|137|127|125|73|119|61|93|123|112|114|20|69|49|105|40|25|99|135|46|92|64|106|9|29|38|120|118|76,101|54|88|96|0|19,1|1|1|1|1|1
180,116|122|124|37|25|49|73|95|20|125|131|110|120|38|48|46|57|118|101|126|47|100|11|107|92|9|129|23|127|105|34|29|4|88|67|128|81|40|85|109|112|132|117|0|53|27|58|103|133|115|94|63|22|7,79|111|130|8|75|70,1|1|1|1|1|1
181,73|27|17,5|99|98|45|101|81,1|1|1|1|1|1
183,97|1|116|110|83|107,4|12|106|112|128|114,1|1|1|1|1|1
184,63|79|56|7|62|52|10|128|105|109|115|111|8,71|23|94|103|129|126,1|1|1|1|1|1
185,34|23|49|37|25|3,20|8|52|32|41|44,1|1|1|1|1|1
186,95|96|97|25|29|23|0|49|92|88|5|87|17|40|9|73|37|90|11|33|102|30|6|65|41|39|43|67|59|34|68|44|51|55|120|118|117|113|109|85|124|127|112|125|122|116|128|121|108|106,101|110|104|107|115|130,1|1|1|1|1|1
187,122|112|117|50|113|38|31|9|11|85|121|105|0|29|57|73|67|40|4|24,26|100|53|32|95|19,1|1|1|1|1|1
188,69|96|106|20|42|67|46|75|81|78|95|85|38|24|84|26|57|25|66|52|49|10|101|92|64|9|4|47,19|48|11|86|88|21,1|1|1|1|1|1
189,73|72|77|95|103|97|17|42|65|8|92|102|2|71|56|80|6|85|83|0|32|29|90|68|81|91|46|37|9|38|33|84|70|78|67|69|82|61|93|48|64|20|23|52|74|63|4,99|24|60|54|89|98,1|1|1|1|1|1
190,9|73|100|101|105|97|98|95|42|67|78|71|70|60|68|49|69,20|81|107|11|38|46,1|1|1|1|1|1
191,101|100|95|96|90|76|58|72|20|66|71|29|77|8|7|61|14|44|99|85|91|102|68|73,67|93|82|36|87|74,1|1|1|1|1|1
192,0|4,54|2|57|56|53|62,1|1|1|1|1|1
193,57|4|55,52|62|0|53|54|2,1|1|1|1|1|1
195,47|48|23|11|45|27|26|50|49|5|32|30|39|41|43|17|52|19|37|0|31,51|4|46|38|10|44,1|1|1|1|1|1
196,128|111|126|129|103|77|7|56|131|109|63|94|8|74|58|22|25|101|79|10|71|65|4|67|89|42|95|49|75|52|127|116|29|53|34|130|27|57|123|118|81|100|73|46|112|122|20|38|9|0|84|85|16|50|39|15|3|98|105|102|96|97|125|78|70|90|88|86|106|62|23|110|17|113|19|5|40|92|43|45|33|14|12|24|31|18|32|68|80|61|99|87|60|83|1|120|114|108|104|124|119|121|55|133|48|76|66|91|2|59|132|72|54|69|93|82|134|47,136|137|21|117|37|135,1|1|1|1|1|1
197,44|58|38|40|73|63|119|101|80|30|0|6|83|85|90|29|68|81|102|99|91|69|42|122|116|109|112|120|110|121|114|118|105|106|60|74|8|10|71|25|49|20|23|56|52|4|5|87|95|103|76|115|59,72|64|66|107|65|77,1|1|1|1|1|1
198,0|55|57|53|20|73|67|81|29,18|27|38|31|11|1,1|1|1|1|1|1
201,8|115|74|125|88|0|27|81|100|39|133|51|43|6|90|68|85|31|50|18|32|110|97|98|114|130|111|123|113,124|29|121|137|135|134,1|1|1|1|1|1
203,49|25|0|9|52|87|11|73|29|80,39|83|44|6|85|43,1|1|1|1|1|1
204,47|23|34|11|48|14|45|27|12|28|26|24|50|18|25|29|46|7|55|1|3|37|33|9|15|38|35|4|16,39|30|41|17|6|32,1|1|1|1|1|1
205,104|127|124|126|49|115|109|90|88|61|31|39|6|9|125|95|128|23|29|11|40|33|14|7|51|92|64|41|36|15|100|85|2|66|105|84|103|56|110|116|98|79|86|122|89|108|120|118,129|94|123|130|114|117,1|1|1|1|1|1
206,93|122|116|110|106|68|66|92|91|71|8|53|65|123|105|102|103|43|9|114|100|84|83|81|17|40|121,52|86|115|72|89|111,1|1|1|1|1|1
207,57|9|38|85|53|64|42|78|70|81|4|95|84|96|68|99|91|5|65|49|40|25|52|74|11|104|86|88|19|20|75|61|69|77|48|79|60|46|71|59|44|33|34|29|51|28|54|3|12|47|1|55|50|45|31|32|89|41|39|27|18|43|23|66|13|105|100|37|110|117|116|121|82|80|109|90|113|122|0|102|7|114|92|87|103|26|106|93|124|73|120|123|127|62|108|67|125|126|118|119|129|94|128|130|131,135|72|10|136|112|134,1|1|1|1|1|1
209,66|81|58|76|59|60|25|101|42|52|40|74|65|72|20|64|50|67|11|5|63|75|87|79|100|78|94|10|49|23,8|37|0|69|92|103,1|1|1|1|1|1
210,91|92|46|52|38|85|95|61|37|34|54|28|25|23|35|100|106|108|99|105|58|76|97|113|4|73|20|67|96|112|118|114|29|125|0|27|69|14|5|18|3|121|65|32|102|42|31|104|136|78|124|110|9|64|120|134|66|10|135|48|57|47|45|33|81|50|12|39|51|88|103|44|62|82|75|43|49|116|122|127|119,19|130|123|13|93|137,1|1|1|1|1|1
212,67|39|101|102|81|83|85|6|90|30|91|89|45|29|32|43|41|97|44|51|12|8|52|58|76|22|23|7|63|2|48|35|20|69|68|82|73|47|28|93,26|96|54|24|1|3,1|1|1|1|1|1
213,115|59|103|58|76|137|66|69|25|23|63,126|74|94|109|129|8,1|1|1|1|1|1
214,8|2|63|7|49|52|54|10|46|37|89|11|22|28|14|33,21|13|36|15|55|44,1|1|1|1|1|1
215,69|1,99|105|75|79|96|106,1|1|1|1|1|1
216,52|133|8|130|114|9|23|109|29|14|128|101|38|46|7|33|107|119|28|108|110|105|81|54|132|55|64|125|99|126|88|39|124|31|53|51|41|37|117|66|36|44|21|57|115|30|98|123|40|3,94|78|15|18|121|113,1|1|1|1|1|1
217,4|55|57|53|52|23|37|9|46|38|33,20|69|7|76|58|22,1|1|1|1|1|1
218,97|84|79|83|95|67|75|20|78|118|70|81|120|46,73|85|4|64|38|106,1|1|1|1|1|1
219,11|73|20|54|4|57|62|0|53|85|88|84|31|82|29|60|9|40|47|68|65|23|41|80|39|42|61|67|69|70|37|75|46|78|14|3|33|34|28|38|12|15|16|49|64|50|45|1|43|83|30|81|87|92|26|22|86,96|101|51|25|95|100,1|1|1|1|1|1
220,60|27|45|101|94|98|83|97|81|48|117|50|89|119|9|91|123|23|29|49|25|37|20|47|46|0|40|4|52|33|8|53|14|7|55|31|58|51|39|18|32|100|64|3|44|88|85|41|21|62|68|78|19|16|80|6|66|82|65|43|99|103|105|116|110|10|76|87|90|122|17|74|63|1|71|56|102|79|86|93|120|77|112|125|124|126|113|130|128|129|121|127|57|67|73|12|11|111|38|42|95|132|54|61|36|133|109|134|69|96|30|35|75|15,131|118|135|136|106|104,1|1|1|1|1|1
221,59|40|8|25|127|100|122|116|107|92|112|80,23|95|74|63|86|69,1|1|1|1|1|1
222,69|107,54|114|110|97|83|117,1|1|1|1|1|1
224,73|20|38|67|118|120|75|99|19|60|78|70|71|111|42|64|4|95|106|24|26|57|96|72|40|59|92|9|29|77|10|52|104|61|100|37,63|123|122|2|46|121,1|1|1|1|1|1
225,49|76|68|73|69|78|75|20|67|42|70|95|81|64|46|60|118|106|38|85|24|57|4|96|116|62|99|79|19|8|63|52|100|61|7|54|33|58|107|23|74|82|48|93|59|80|22|6|109|77|92|105|2|3|53|34|14|37|72|25|103|65|101,91|32|102|89|17|90,1|1|1|1|1|1
226,23|34|47|11|48|12|14|28|45|29|38|33|9|44|46|39|15|53|13|41|31|51|35|24|3|32|49|50|25|26|16|0|37|7|6|40|30|54|27|57|4,20|8|60|2|22|80,1|1|1|1|1|1
228,122|120|97|101|95|62,129|126|128|19|32|27,1|1|1|1|1|1
229,17|29|95|77|115|96|125|50|38|113|20|73|57|89|64|67|101|85|117|112|123|40|121|110|14|27|61|84|132|126|16|65|30|4|72|104|135|49|23|39|33|81|1|128|31|12|122|116|53|86|47|127|60|22|92,134|109|131|56|80|2,1|1|1|1|1|1
231,48|11|34|14|12|45|27|37|50|49|18|24|29|21|13|19|38|36|16|31|46|32|33|39|44|43|1,28|57|41|55|51|53,1|1|1|1|1|1
232,58|25|8|134|59|23|29|38|9|0|57|52|101|7|100|51|39|85|88|3|80|65|103|66|116|43|105|110|76|90|83|98|1|109|91|71|56|102|79|86|108,126|128|11|132|115|95,1|1|1|1|1|1
234,58|29|91|68|10|17|23|49|26|86|4|44|119|120|81|34|61|116|104|25|60|84|100|118|96|88|89|67|2|55|42,22|51|83|99|114|109,1|1|1|1|1|1
235,29|9|133|94|25|103|137|22|8|109|66,40|101|127|92|117|23,1|1|1|1|1|1
236,94|8|25|58|66|76|11|134|109,29|18|133|98|90|74,1|1|1|1|1|1
237,79|49|71|75|70|101|94|72|42|9|134|133|111|52|103|29|37|77|58|74|104|137|116|127|122|95|109|65|66|68|23|69|63|92|7|25|100|20|67|10|8|135|38|11|48|46|0|57|73|47|34|4|45|27|33|81|31|53|12|50|24|55|39|18|32|51|85|88|64|5|78|80|44|62|96|105|41|110|82|16|21|19|99|43|36|84|106|97|90|107|60|98|17|83|1|56|86|120|102|91|112|118|114|124|89|126|108|128,123|129|113|119|131|130,1|1|1|1|1|1
238,4|95|78|57|110|32|33|125|130|137|72|103|128|25|100|8|10,52|101|29|117|23|59,1|1|1|1|1|1
240,113|0|124|135|130|69|67|82|80|90|18|95|134|29|65|112|103|22|20|115|23|128|116|127|122|110|25|73|33|81|27|31|50|100|54|85|41|38|114|109|84|93|96|119|46|7|24|51|78|3|75|43,98|111|106|105|107|79,1|1|1|1|1|1
241,23|29|49|25|9|48,95|46|8|34|67|57,1|1|1|1|1|1
242,120|112|127|8|40|58|115|25|100|104|9|95|92|87|94|0|49|7|29|22,2|11|46|101|23|103,1|1|1|1|1|1
243,0|4|57|55|53|62|54|2|20|56,25|36|8|73|9|7,1|1|1|1|1|1
244,57|53|48|23|47|11|12|14|37|27|50|28|29|24|25|26|38|21|3|9,15|46|13|36|16|19,1|1|1|1|1|1
245,81,97|103|17|98|69|54,1|1|1|1|1|1
246,103|74|109|101|95|20|67|116|49|69|122|127|25|8|58|76|94|133|23|42,111|75|40|63|70|130,1|1|1|1|1|1
248,115|126|129|101|36|19|10|72|58|76|111|71|66|8|23|52|79|56|103|59|38|97|87|40,22|30|100|78|7|91,1|1|1|1|1|1
249,48|34|11|47|37|27|14|45|12|18|29|24|50|38|35|21|3|9|15|16|19|46|36|39|33|31|7|51|44|5|41|4,53|1|6|30|0|57,1|1|1|1|1|1
250,23|45|27|28|14|47|50|18|35|3|13|19|49|5|31|29|32|38|46|33|39,51|43|30|41|44|40,1|1|1|1|1|1
251,4|55|53|0,73|62|58|54|20|52,1|1|1|1|1|1
252,23|133|100|117|87|137|66|7|128|56|49|29|88|125|95|62|123|27|51|38|127|116|135|122|126,114|124|103|134|111|109,1|1|1|1|1|1
253,47|23|34|48|12|25|27|28|45|3|50|24|14|13|18|35|0|21|15|19|9|5|7|4|6|22|1|17,32|2|37|36|31|49,1|1|1|1|1|1
254,126|80|58|40|25|8|104|119|29|105|23|73|27|37|92|20|120|110|103|118|45|14|34|4|99|85|38|11|106|107|87|33|53|48|115|88|101|49|133|129|128|114|75|98|100|61|84|117|3|95|123|54|81|46|51|111|15|90|30|86|78|5|130|43|60|67|93|72|64|132|10|94|96|36,7|57|89|77|91|63,1|1|1|1|1|1
255,88,32|96|85|24|69|38,1|1|1|1|1|1
256,109|59|63|72|115|56|89|65|128|68|102|80|81|17|99|29|90|25|8|95|101|69|92|54|103|105|82|116|16|42|122|87|127|98|71|91|117|131|37|132|106|100|123|34|27|28|133|84|134|111|120|118|104|119|86|93|77|135|24,107|125|129|39|61|36,1|1|1|1|1|1
257,23|103|71|111|100|133|137|79|63|8|0|112|110|124|130|81|73|105|11|45|68|82|31|136|69|62|102|52|80|65|99|91|120|49|58|76|25|94|123|108|50|20|46|67|128|10|72|40|9|29|88|64|51|44|12|1|131|5|41|113|101|87|86|38|48|57|47|92|85|39|96|16|19|30|43|127|6|97|74|90|98|17|83|56,121|104|114|117|93|134,1|1|1|1|1|1
259,23|87|49|38|11|47|46|0|57|40|53|69|101|81|95|55|5|64|85|88|44|78|62,110|117|42|1|86|124,1|1|1|1|1|1
261,29|49|20|11|46|57|73|33|98|18|3|88|116|90|125|114|89|119|123|131|58|40,25|39|101|70|75|85,1|1|1|1|1|1
262,55|57|0|4,53|62|54|73|20|58,1|1|1|1|1|1
263,29|20|40|5|69|49|100|25|58|65|79|99|87|11|0|81|64|102|80|91|83|85|6|30|39|44,110|108|59|106|76|67,1|1|1|1|1|1
264,21|66|73|91|52|68|38|85|40|70|72|67|92|9|77|13|29|57|8|10|49|100|60|22|95|78|7|2|104|89|28|54|36|44|33|14|3|55|15|105|46|101|53|74|23|63|32|35|69|76|75|20|58|37|82|61,34|84|48|93|16|24,1|1|1|1|1|1
265,96|90|88|85|63|56|33|67|11|132|109|102|98|89|135|20|14|126|119|99|86|72|39|15|111,128|42|95|7|65|103,1|1|1|1|1|1
266,127|94|124|126|8|115|128|22|23|63|65|25|56|17|69|49|102|101|68|42|52|89|48|46|34|73|67|95|32|100|19|88|78|6|96|20|103|7|123|110|116|125|131|122|111|129|82,99|130|91|93|132|109,1|1|1|1|1|1
267,8|20|63|64|67|49|17|68|37|13|29|76|9|11|52|78|77|73|22|4|58|50|79|65|46|70|82|74|31|80|2|42|56|5|45|10|71|55|30|60|0|54|62|24|48|3|23|47|6|75|14|7|61|40,25|69|33|72|34|81,1|1|1|1|1|1
268,48|11|23|47|12|27|49|37|18|25|35|38|21|29|16|15|19|46|9|31|32|33|7|5|44|39|43|41|8|4|40|30|1,10|2|55|53|54|0,1|1|1|1|1|1
269,23|11|48|47|34|12|27|45|14|37|29|50|28|24|18|26|38|25|35,15|9|79|13|16|57,1|1|1|1|1|1
270,109|107|105|100|96|90|67|51,39|50|27|29|4|25,1|1|1|1|1|1
271,4|60|27|75|70,101|11|72|97|83|5,1|1|1|1|1|1
272,48|11|47|34|23|37|12|14|27|24|28|29|25|35|38|21|9|13|15|16|46|36|19|32|39|31|7,41|40|44|51|33|5,1|1|1|1|1|1
273,133|131|84|130|25|69|112|68|0|95|103|38|37|11|80|99|64|121|113|46|34|57|45|53|27|55|81|31|5|54|51|18|21|41|85|88|78|16|15|82|61|43|110|62|87|32|123|117|106|97|44|83|24|107|98|102|93|120|108|79|1|114|39|7|8|50|119|109|72|19|52|94|111|125|91|115|100|65|122|127|116|124|128|132|4|86|73|67,29|136|118|33|96|20,1|1|1|1|1|1
275,38|27|107|60|77|79|37|44|98,97|61|103|17|23|71,1|1|1|1|1|1
276,23|48|34|11|47|25|50|3|35|0|37|8|29|38|46|55|44|12|49|32|28|27|39|45|4|57|2|61|41|62|52|60|84|20|58|83|31|71|70|68|80|73|69|67|64|79|78|42|82,77|76|81|72|65|74,1|1|1|1|1|1
277,48|23|34|47|28|14|12|26|49|37|21|35|24|25|3|16|15|13|38|9|33|5|7|46|32|43|6|8|4|22,53|54|57|52|2|17,1|1|1|1|1|1
278,107|71|115|72|79|63|103|77|56|94|109|111|65|42|10|8|23|58|76|60|22|68|52|4|66|69|59|67|70|95|80|102|125|7|49|62|78|17|99|120|61|82|46|81|83|117|90|34|45|57|97|93|84|32|31|3|12|113|86|38|29|48|9|27|50|24|51|18|39|64|6|105|91|43|116|74|25|53|47|87|89|20|73|126|129|75,114|132|131|101|133|100,1|1|1|1|1|1
279,0|57,2|20|4|53|54|55,1|1|1|1|1|1
280,115|94|134|103|95|109|66|40|101|9,123|128|64|71|124|47,1|1|1|1|1|1
281,64|38|65|92|49|119|115|63|116|117|101|97|98|17|103|105|33|39|95|46|4|85|84|118|78|42|81|71|22|30|109|8|59|25|23|40|82|68|100|52|7|89|2|37|3|44|36|14|80|67|9|72|58|74|66|53|29|57|34|28|76|107|20|0|10|60|79|61|70|56|110|112|87|48|99|102|50|77|73|91|5|11|86,90|26|93|106|96|75,1|1|1|1|1|1
282,76|66,101|96|98|69|68|97,1|1|1|1|1|1
283,47|48|11|34|12|27|45|24|50|37|16|15|29,5|36|38|9|32|8,1|1|1|1|1|1
284,47|23|34|14|45|18|24|50|26|29|16|3|9|38|31|46|5|32|33|39,48|43|53|51|40|1,1|1|1|1|1|1
285,120|112,8|0|124|94|25|22,1|1|1|1|1|1
286,4|115|68|65,136|137|128|135|69|133,1|1|1|1|1|1
287,101|103|29|38|116|127|122|95|23|110|49|100|20|81|9|107|124|105|57|85|120|112|69|73|67,82|0|46|131|40|130,1|1|1|1|1|1
288,55|23|14|49|34|43|46|35|51|44|37|33|61|39|28|22|31,26|38|45|40|7|57,1|1|1|1|1|1
289,82|74,7|23|94|9|63|128,1|1|1|1|1|1
290,34|23|47|14|45|28|24|25|49|21|35|13|37|16|15|29|9|31|7|5|36|38|32|33,51|30|39|40|44|41,1|1|1|1|1|1
291,137|109|4|103|71|95|16|23|63|77|89|9|19|74|22|94,42|10|75|111|123|108,1|1|1|1|1|1
292,20|92|58|62|65|98|101|97|17|99|100|80|68|6|76|49|25,59|74|10|66|52|23,1|1|1|1|1|1
293,71|40|20|59|25|49|101,83|23|51|30|10|62,1|1|1|1|1|1
294,11|23|34|47|48|14|27|28|25|18|24|26|21|3|13|35|15|37|16|19|49|9|0|7|5|8|36|10|31|32|29|38|1|46|33|39|40|17,30|44|51|43|53|41,1|1|1|1|1|1
295,100|101|102|62|68|65|5|0|7|95|63|49|52|37|75,96|60|58|61|90|76,1|1|1|1|1|1
296,73|98|101|97|17|105|99|100|103|36|19|55|0|5|80|45|6|83|30|32|85|34|90|51|29|44|39|41|27|18|43|12|40|59|67|92|72|70|77|9|13|57|47|68|33|88|4|20|42|75|46|78|81|60|71|95|64|84|38|26|24|15|58|69|76|2|82|37|61|48|54|28|3|53|93|14|35|21|16|25|74|10|49|52|23|66|94|22|87|56|11|91|86|50|31|1|65|102|8|63|7|104|106|107|110|62|109|108|112|114|116|111|117|118|120|115|89|119|122|124|123|125|126|113|121|127|128|129|130|131|132,134|137|136|135|96|133,1|1|1|1|1|1
297,115|126|100|122|101|20|23|88|125|85|117|29|95|112|110|99|120,71|40|67|25|52|103,1|1|1|1|1|1
298,25|92|108|23|57|40|95|33|7|58|100|103|64|78|3|105|62|61|21|87|76|74|10|98|56|9|49|94|77|117|104|119|8|63|72|101|111|71,109|29|131|18|134|38,1|1|1|1|1|1
299,71|111|101|94|128|126|129|65|66|23|40|72|95|29|116|122|100|81|127|110|42|38|45|132|4|25|106|125|103|0|99|118|97|112|31|84,88|115|60|85|104|83,1|1|1|1|1|1
300,49,101|59|40|71|66|25,1|1|1|1|1|1
301,96|20|66|74|25|0|80,103|91|59|58|57|108,1|1|1|1|1|1
302,120|118|117|23|29,37|46|11|25|9|38,1|1|1|1|1|1
303,110|108|109|23|49|29|38|48|47|11|9|20|25|34|46|73|57|45|40|4|52|33|14|27|53|24|8|55|67|31|7|69|54|3|58|51|21|101|18|39|32|13|35|64|92|95|2|88|85|78|100|96|43|75|61|65|82|70|99|76|1|87|91|97|63|90|71|102|107|83|77|93|116|122|123|127|94|125|112|124|103|126|114|120|117|119|86|121|113|118|128|104|129|105|84|130|37|5,16|115|137|19|22|56,1|1|1|1|1|1
304,84|97|72|105|122|121|120|119|118|116|117,23|94|113|114|109|9,1|1|1|1|1|1
305,120|126|129|23|103|17|111|94|71|95|127|122|116|65|63|75|70|77|101|118|57|125|49|29|34|105|108|11|98|99|96|100|86|27|14|46|64|19|9|20|43|16|82|106|110|128|113|97|62|92|48|78|53|115|42|124|123|67|85|93|107|121|33|112|88|45|72,73|47|39|84|38|18,1|1|1|1|1|1
306,50|48|47|11|13|14|45|35|28,34|21|24|16|15|26,1|1|1|1|1|1
307,73|29|101|100|25|5|26|108,120|95|106|58|124|110,1|1|1|1|1|1
308,94|58|76|40|8|101|71|25|87|29|137|105|109|103|23|133|134|7|49|95|79|104|9|110|38|46|0|57|47|73|20|67|27|53|31|14|50|100|12|88|51|116|78|96|122|44|75|61|19|127|15|106|97|59|98|120|56|1|125|112|114|118|124|115|117|123|64|135|132|32|108|126|70,129|84|22|136|39|119,1|1|1|1|1|1
309,23|134|58|94|133|103|63|7|126|22|77|2|95|109|25|56|136|89|74|79|135|70|82|127|122|116|49|67|101|129|34|57|120|4|118|124|128|85|110|105|0|73|131|40|27|114|99|9|29|52|132|38|11|106|112|53|68|96|100|119|20|28|45|62|39|54|55|88|84|108|97|24|107|80|18|117|113|98|5|75|65|42|130|78|102|32|87|35|16|92|21|3|123|90|43|83|111|66|104|44|61|93|6|60,71|1|81|46|72|10,1|1|1|1|1|1
310,48|34|11|14|45|27|28|18|25|24|50|21|13|35|0|5|49|37|22|1|36|31|32|29|38|46|33,39|40|44|41|43|51,1|1|1|1|1|1
311,55|57|4|53|54|2|52|20|73|47|26|7|25|40|11|9|30|8|48|36|21|64|72|74|12|29|44|71,68|23|81|82|80|17,1|1|1|1|1|1
312,116|110|106|130|46|25|47|40|86|78|81|125|14|27|120|121|107|129|109|118|105|113|119|114|108|117|123|112|122|124|48|20|34|38|11|29|37|57|0|128|26|67|73|84|127|54|3|85|95|2|126|53|24|55|9|45|4|33|12|50|31|51|21|39|92|15|16|88|100|87|83|98|61|102|103|32|89|17|41,97|131|80|132|133|96,1|1|1|1|1|1
314,34|23|27|18|50|16|15|9|7|8|10|49|2|32|48|25|36|38,43|46|40|29|30|39,1|1|1|1|1|1
315,48|11|47|23|34|45|28|14|12|18|50|37|26|49|38|29|24|35|16|21|36|19|3|33|46|31|7|32|39|5|51|44|43|6|40|8|41|30,54|1|17|57|4|53,1|1|1|1|1|1
316,48|47|11|23|34|28|27|12|14|45|26|25|24|50|37|49|21|35|19|3|9|36|29|31|38|32|46|33|39,43|30|51|44|22|1,1|1|1|1|1|1
317,73|66|64|42|20|76|69|67|58|75|78|46|61|82|105|38|33|34|54|114|3|85|28|55|35|16|53|62|47|1|106|0|43|99|81|91|102|90|83|30|29|41|51|44|32|39|18|27|65|23|74|63|7|49|4|60|84|57|103|11|13|86|100|37|14|107|118|120|109|24|108|71|72|116|122|119|101|17|52|8|125|126|123|112|127|87|129|97|26|124|59|70|12|48|131|96|111|130|95|93|80|98|36|132|133,136|135|113|134|137|15,1|1|1|1|1|1
318,107|8|40|115|25|109|122,22|103|94|101|77|4,1|1|1|1|1|1
319,92|53|9|101|46,62|20|71|10|85|66,1|1|1|1|1|1
320,57|4|0|55|53,54|2|52|49|37|62,1|1|1|1|1|1
321,81|91|69|96|75|92|76|20|58|68|95|46|9|114|82|61|105|73|106|84|38|85|3|67|42|78|64|60|71|101|98|40|89|83|97|65|57|79|80|100|107|77|48|34|93|53|24|55|12|52|70,33|7|29|63|102|104,1|1|1|1|1|1
322,31|54|73|106|101|25|49|40|23|8|63|90|95|84|4|76|58|67|78|61|92|37|20|9|33|105|38|85|53|3|34|57|35|16|24|14|21|55|52|5|87|103|94|56|80|7|100|30|86|88|109|110|108|59|107|65|0|45|89|98|29|32|97|27|51|18|46|96|71|116,117|120|119|115|121|118,1|1|1|1|1|1
323,23|101,111|126|72|10|63|128,1|1|1|1|1|1
324,48|47|11|34|14|45|28|27|50|24|26|25|21|49|13|35|19|37|9|5|31|36|8|29|10|38|32|46|33,51|41|44|40|39|30,1|1|1|1|1|1
325,0|4,57|62|54|55|20|53,1|1|1|1|1|1
326,38|106|9|81|101|68|5|65|54|103|26,105|100|20|98|96|17,1|1|1|1|1|1
327,11|47|48|34|23|27|28|14|12|45|50|24|37|38|26|29|16|3|21|13|15|9|36|31|46|33|32|39|51,62|1|55|41|6|44,1|1|1|1|1|1
328,106|122|4|100|31|127|10|83|23|90|72|107|42|52|49|86|59|74|116|39|60|77|79|67|63|29|25|92|131|65|105|125|111|118|96|20|61|17|46|0|73|33|8|7|81|101|95|85|78|75|70|103|97|56|71|93|112,48|40|3|88|51|76,1|1|1|1|1|1
329,125|124|127|122|92,76|29|40|57|9|23,1|1|1|1|1|1
330,94|95|20|4|71|9|134|105|73|119|47|67|127|116|122|23|103|133|22|7|74|58|76|64|77|135|29|49|38|25|46|57|34|101|27|53|14|31|92|32|51|18|40|78|33|109|90|97|118|114|108,137|42|87|123|61|100,1|1|1|1|1|1
331,26|73|96|42|52|49|100|75|60|78|61|10|63|95|37|70|33|36|28|21,40|29|72|59|67|92,1|1|1|1|1|1
333,47|48|11|23|34|28|27|45|12|0|25|50|14|35|18|13|21|16|19,6|9|4|15|7|10,1|1|1|1|1|1
334,64|97|101|104|76|69|58|20|67|75|92|78|70|82|68|46|61|77|37|9|73|38|54|93|48|85|21|26|3|84|34|24|57|53|16|96|42|81|71|4|95|60|15|89|36|55|74|23|52|8|63|2|32|7|22|0|65|80|6|99|45|91|62|30|17|102|90|59|49|66|25|10,100|47|72|87|79|40,1|1|1|1|1|1
335,11|47|48|23|34|45|27|12|37|14|29|28|24|50|18|21|38|35|25|26|15|16|9|13|3|36|19|46|33|39|32|7|31|44|5|51|41|40|8|6|30|4|55,2|1|52|62|0|53,1|1|1|1|1|1
336,134|109|116|127|133,122|25|66|76|58|8,1|1|1|1|1|1
338,105|92|37|33|28|34|96|57|55|80|88|51|20|0|45|40|25|100|8|23|94|7|44|59|58|76|69|67|61|82|109|10|73|48|116|90|122|115|97|114|112|12|1|43|32|27|104|26|2|99|95|13|66|121|120|24|53|74|83|39|36|15|124|127|125|62|22|128|81|113|31|65|5|110|106|4|77|126|123|49|101|68|117|91|93|17|119|56|79|50|86|11|38|41|89|85|102|118|129|54|103|47|29|75|63|60|130|78|46|71|111|107|70|72|108|42|87|6|131,30|9|132|64|133|52,1|1|1|1|1|1
339,48|47|11|23|34|45|28|14|12|50|26|25|13|3|35|15|0|37|5|4|36|31|29|38|1|41|30,43|46|51|33|44|39,1|1|1|1|1|1
340,109|66|69|25|115|23|29|49|38|20|46|0|57|73|45|4|67|27|53|101|7|81|95|55|31|24|92|5|18|39|100|64|85|88|78|96|80|82|65|75|43|116|110|122|84|97|106|17|60|63|83|1|91|102|79|127|86|120|93|131|118|130|44|128|124|32|11|77|111|132|108|33|37|50|26|125|126|99|42|133|135|134|40|72,61|121|16|54|137|52,1|1|1|1|1|1
342,73|20|9|36|15|97|49|91|80|117,112|44|58|69|55|92,1|1|1|1|1|1
343,115|101|94|42|133|111|128|103|58|76|74|116|127|122|95|109|65|66|68|69|40|25|49|100|20|67|8|75|70|72|11|81|131|117|50|89|119|9|108|123|28|17|71|107|47|61|64|102|84|124|29|30|37|77|99|105|87|104|80|121|113|2|130|93|82|38|126|129|31|132|125|112|110|114|118|106|48|27|55|14|34|23|54|33|24|7|52|96|46|57|92|62|73|85|12|18|32|98|97|51|91|53|35|90|45|16|4|83|36|44|39|78|3|41|6|19|15|43|63|0|13|86|5,22|10|1|88|79|56,1|1|1|1|1|1
345,1|97|90|83|125|127|84|69|81|91|48|57|53|61,70|130|26|8|15|24,1|1|1|1|1|1
346,128|115|23|4|68|125|130|58|48|46|27|7|81|101|31|78|19|114|87|34|69|116|9|100|110|92|109|38|84|18|61|131|75|45|0|51|32|105|30|50|16|85|99|44|37|11|53|3|39|64|62|66|90|17|1|56|86|93|120|112|118|89|124|57|113|12|70|76|122|107|106|22|83|88|94|33|43|52|54|91|127|8|119|95|103|59|80|104|121|135|134|14|132|136|65|137|25,96|133|67|97|20|73,1|1|1|1|1|1
347,134|103|74|101|94|133|63|100|7|29|79|91|86|70|75|126|85|45|57|88|54|39|32|50|90|98|0|38|31,131|43|25|6|1|62,1|1|1|1|1|1
348,34|47|48|11|14|28|45|26|24|18|21|13|35|49|37,19|29|3|15|9|16,1|1|1|1|1|1
349,11|23|48|34|27|28|45|14|12|53|57|29|37|18|24|49|26|35|21|13|25|19|16|6|9|7|46|38|3,22|54|55|33|2|4,1|1|1|1|1|1
350,112|0|25|124|40|130|100|69|110|68|122|116|65|107|125|115|59|127|52|5|37,50|104|11|87|49|102,1|1|1|1|1|1
351,122|9|103|116|124|105|34|127|109|52|129|95|128|126|51|39|137|107|84|136|70|30|19|135|86|54|75|90|6|41|59|132|115|22|91|11|4|23|29|49|38|57|47|45|101|69|33|7|81|53|31|50|100|92|55|24|88|18|64|5|78|96|3|110|65|80|62|44|82|61|42|99|43|35|106|10|60|98|125|120|1|79|118|114|93|117|108|123|14|32|12|48|131|46|113|130|134,85|121|83|15|87|27,1|1|1|1|1|1
352,137|95|132|131|134|29|121|71|122|127|116|103|125|113|63|0|88|32|18|51,136|49|115|23|109|128,1|1|1|1|1|1
353,57|4|55|0|53|62,58|54|2|56|73|20,1|1|1|1|1|1
354,68|67|9|76|92|88|69|58|20|75|46|78|95|107|37|70|77|106|82,28|84|48|105|2|54,1|1|1|1|1|1
355,32|69|38|27|24|9|73|92|76|20|67|58|75,95|82|105|70|46|61,1|1|1|1|1|1
356,12|35|11|48|47|23|34|28|45|18|37|25|24|27|21|13|15|3|16|9|38,29|31|5|7|36|53,1|1|1|1|1|1
357,20|91|38|101|29|90|0|80|6|98|51|41|18,31|45|50|85|110|97,1|1|1|1|1|1
358,4,2|1|3|55|57|8,1|1|1|1|1|1
360,25|58|40|76|66|137|103|95|109|74|101|23|29|49|38|100|31|52|128|92|119|39|75|124|133|111|102|91,88|104|63|60|71|61,1|1|1|1|1|1
361,86|108|110|0|91|122|116|33,120|123|127|124|117|23,1|1|1|1|1|1
363,47|11|28|12|14|50|24|49|37|19|9|29|38,6|33|7|46|36|5,1|1|1|1|1|1
365,72|122|79|37|38|102|69|61|80|15|18|131|8|58,49|100|67|40|116|74,1|1|1|1|1|1
366,47|11|23|34|14|27|28|45|37|50|49|24|35|21|13|25|29|16|19|15|36|9|38|7|31|46|33|32|8|39|51|6,4|40|43|1|41|44,1|1|1|1|1|1
367,79|4|127|101|122|23|37|25|49|11,57|9|110|118|73|20,1|1|1|1|1|1
370,4|60|99|81|58|25|84|95|80|29|46|69|27|24|85|116|78|68|96|3|122|65|110|82|26|75|42|19|43|127|106|70|107|86|102|112|118|115|93|117,108|135|89|120|130|104,1|1|1|1|1|1
371,4|57,54|52|2|62|53|55,1|1|1|1|1|1
372,66|74|23|134|58|76|133|25|109|101|128|131|29|38|20|9|0|57|73|45|67|95|81|31|92|32|85|3|103|68|96|80|65|82|122|42|43|87|17|98|8|94|69|63|56|114|125|52|102|127|89|26,116|132|61|105|111|137,1|1|1|1|1|1
373,4|0|57|55|53|33|25|11|9|45|49|37|8|13|32|15|44|14|38|3|28|46|36|34|7|27|20|64|43|59|68|69|26|48|16|12|42|73|67|81|78|82|65|24|60|70,54|72|19|2|66|75,1|1|1|1|1|1
374,67|49|40|91|1|20|59|64|81|5|71|38|104|113|73|50|102|31|57|45|36|54|69|82|47|62,99|79|26|75|55|93,1|1|1|1|1|1
375,4|57,20|0|53|54|62|55,1|1|1|1|1|1
376,47|11|34|28|37|26|49|29|21|13|38|36|16|39,44|48|43|33|41|51,1|1|1|1|1|1
377,38|3|49|69,47|54|116|82|20|118,1|1|1|1|1|1
378,69|88|9|10|58|92|70|75|37|78|46|95|38|82|2|85|40|25|49|101|103,104|74|94|22|87|52,1|1|1|1|1|1
380,48|47|11|14|28|26|35|19|21|9|49|37|36,29|46|30|40|39|38,1|1|1|1|1|1
381,68,102|136|45|50|134|31,1|1|1|1|1|1
382,25|40|68|94|80,124|110|112|136|125|130,1|1|1|1|1|1
383,46|23|118|112|20|96|73|132|92|120|95|125|67|103|116,133|94|55|62|7|53,1|1|1|1|1|1
384,47|34|48|27|28|45|14|12|26|25|24|50|13|3|35|16|49|19|37|0|9|7|8|36|31|32|29|38|22|46|33,51|43|30|53|52|41,1|1|1|1|1|1
385,125|124|130|114|95|132|112|23|117|85|101|128|115|109|7|29|120|129|62|126|123|103|88|64|84|25|110|70|39|102|31,71|89|94|119|60|133,1|1|1|1|1|1
391,103|90|72|98|99|96|66|57|23|13|42|29|26|67|51|127|124|111|93|65|97|100|87|95|35|40|77,121|62|118|117|113|128,1|1|1|1|1|1
392,103|23|133|8|58|128|89|74|2|76|101|87|4|119|52|33|95|14|54|18,123|114|63|22|56|90,1|1|1|1|1|1
393,73|95|50|31|45|59|58|40|74|92|52|49,97|72|67|101|64|83,1|1|1|1|1|1
394,67|101|38|106|0|80|6|30|83|34|29|32|98|44|51|39|85|18|97|43|27|56|49|75|70|94|11|72|81|12|48|89|8|42|69|68|79|61|78|77|102|91|64|73|93|52|25|23|74|92|95|100|37|63|9|22|104|103|20|46|71|4,15|84|96|24|26|57,1|1|1|1|1|1
395,88|49|92|23|64|77|91|112|116,90|110|32|17|51|62,1|1|1|1|1|1
396,48|23|34|11|14|27|28|12|45|37|50|26|29|24|25|38|35|13|9|3|21|15|19|36|31|5|33|46|39|44|32|51|41|30|4|6|1|55|73|0|20|52|54,53|57|84|2|62|85,1|1|1|1|1|1
397,23|47|48|34|11|27|14|45|12|37|18|29|25|7|32|33|5,41|40|51|30|4|8,1|1|1|1|1|1
398,48|47|11|23|34|45|37|14|29|24|18|28|21|38|26|35|25|16|13|9|3|36|19|33|31|32|39|51|44|41|40|8|4|30,1|6|53|55|42|57,1|1|1|1|1|1
400,34|47|23|48|27|12|45|14|28|50|18|29|24|26,38|33|15|8|35|3,1|1|1|1|1|1
401,133|25|69|131|20|11|123|37|9|46|0|34|57|40|4|52|33|53|14|12|7|81|101|28|95|55|31|24|58|5|92|54|51|18|32|64|100|26|3|44|85|88|21|30|68|78|35|19|36|16|96|13|15|80|6|66|75|43|99|103|110|10|87|90|97|106|22|1|98|91|71|56|79|109|86|93|127|120|112|82|73|29|105|118|84|125|116|61,108|67|128|70|104|111,1|1|1|1|1|1
403,49|99|30|55|47|38|53|69|67|20|73|82|58|59|76|92|66|25|72|40|52|11|60|10|87|0|41|37,13|75|80|29|65|86,1|1|1|1|1|1
404,9|123|74|23|103|118|94|133|109|69|92|131|95|82|63|7|105|125|20|67|61|126|130|73|37|111|65|124|29|32|18|43|39|98|112|81|101|68|106|93|11|38|48|46|0|57|12|88|31|33|78|14|62|55|108|45|3|90|120|24|15|83|22|85|107|1|134|97|116|122|96|127|135|34|8|50|75|2|76|84|70|136|110|54|66,100|25|53|102|137|49,1|1|1|1|1|1
405,34|23|48|11|45|27|12|50|18|25|24|26|35,49|13|15|7|21|9,1|1|1|1|1|1
407,6|61|69|20|68|82|47|73|85|34|26|93|24|59|40|67|92|9|77|70|29|57|58|76|25|49|52|74|60|42|81|75|78|64|37|33,54|28|38|2|48|91,1|1|1|1|1|1
408,29|92|32|39|5|40|50|0|31|100|9,38|85|95|51|57|90,1|1|1|1|1|1
409,60|45|61|102|87|65|69|92|25|73|67|10|97|5|18|31|116|127|122|131|129|132|126|125|105|119|120|106|130|48|12|32|109|103|95|77|111|22|94|9|8|23|66|63|101|70|2|29|58|42|52|107|90|44|21|88|133|128|71|78|76|74|115|89|46|40|49|4|59|72|7|56|100|104|37|114|86|84|38|124|0|93|121|85|82|3|55|96|57|75|24|81|26|16|118|20,110|64|117|47|17|99,1|1|1|1|1|1
410,11|47|48|34|23|45|27|12|14|28|50|26|24|18|35|3|21|13|16|15|19|0|49|37|9|7|5|6|36|31|32|29|38|22|46|33,55|44|41|43|51|39,1|1|1|1|1|1
411,58|17|94|63|89|103|77|111|23,101|10|133|137|74|134,1|1|1|1|1|1
412,66|101|81|0|102|62|30|99|85|29|44|34|41|39|51|27|12,26|95|47|23|8|4,1|1|1|1|1|1
413,48|34|47|11|23|28|14|27|18|24|49|21|25|37|35|13|19|3|16|15|9|38|29|36|7|31|46|32,8|40|2|17|56|54,1|1|1|1|1|1
414,57|55|54|30|40|47|44|10|29|25|64|36|11,23|18|13|49|43|15,1|1|1|1|1|1
415,69|40|76|58|66|59|25|122|105|103|88|97|98|84|83|80|72|68|63|46|45|42|29|20|12|11|130|117|93|57|43|31|123|114|104|94|90|95|65|110|106|99|53|32|132|23|49|38|9|48|0|37|73|47|34|4|52|67|33|101|27|81|7|50|55|92|100|28|39|51|18|54|64|85|78|3|26|116|62|82|75|61|13|2|70|107|127|74|60|1|71|120|102|79|125|118|124|89|108|126|119|113|129|121|133|134|136|135|96,10|8|131|14|111|109,1|1|1|1|1|1
416,73|29|95|105|100|96|20,103|98|106|97|17|99,1|1|1|1|1|1
417,48|47|11|23|34|14|28|12|27|45|24|50|25|13|37|49|19|3|16|15|9|31|29|38|6|46|32|33|39|44|41|51|1|43|22|2|53,54|18|35|26|36|57,1|1|1|1|1|1
418,67|107|57|124|20|25|116|122|130|88|127|105|101|125|52|73|9|49|45|106|103|110|114|40|8|29|132|97|115|33|53|90|85|31|58|55|121|80|117|62|39|5|68|113|95|18|50|91|98|11|27|123,59|41|76|30|87|96,1|1|1|1|1|1
419,84|90|72|19|34|51|57|9|11|48|49|38|37|46|73|45|33|53|14|50|24|55|31|26|58|32|44|92|41|95|16|88|85|100|78|96|43|75|61|99,98|6|1|106|105|17,1|1|1|1|1|1
421,101|100|7|58|76|91|71|83|87|97|56|37|61|5|42|63|8|75|9|67|20|82|78|2|73|68|96|54|38|46|0|29|80|30|34|6|17|98|90|85|45|89|44|39|51|102|88|64|77|48|62|72|65|66|99|81|84|57|33|93|70|3|28,92|69|12|21|53|35,1|1|1|1|1|1
422,60|27|45|75|115|98|101|11|117|83|97|5|81|102|50|30|28|23|128|110|96|95|90|86|71|58|56|37|34|19|15|14|121|113|116|99|33|25|20|78|59|55|44|32|17|118|104|93|109|106|88|74|53|41|39|21|18|103|94|73|127|107|70|36|9|114|89|67|57|48|31|132|131|112|68|62|122|0|64|1|79|69|65|38|13|134|29|16|7|100|40|52|80|4|6|124|49,46|129|26|126|82|61,1|1|1|1|1|1
423,48|11|23|34|47|27|28|12|14|18|49|24|37|35|21|13|25|26|19|16|3|29|36|9|15|38|46|31|7|33|5|32|39|8|6|43|44|51|4|41|40|30|1|22,20|2|53|54|57|52,1|1|1|1|1|1
424,66|101|40|23|63|42|75|79|99|98|97|17|100|29|58|10|76|71|72|20|62|78|67|69|102|68|61|70|81|77|64|82|73|93|48|59|80|22|6|88|30|41|51|44|34|105|103|104|19|89|47|85|53|12|92|37|95|2|33|9|96|0|83|90|5|49|52|74|87|94,107|86|60|4|109|56,1|1|1|1|1|1
425,23|45|27|12|14|26|50|24|35|0|21|19|16|15|9|5|4|10|6|22|1|17|2,36|31|48|34|32|49,1|1|1|1|1|1
426,45|11|83|97|81|131|48|12|50|23|29|38|20|9|46|0|57|47|73|34|112|113|116|127|122|68|125,44|121|62|32|1|110,1|1|1|1|1|1
427,23|29|49|47|40|109|103|92|129|115|8|58|126|71|79|130|76|59|72|77|127|122|85|124|69|60|89|17|121|113|101|105|99|117|20|67|73|87|91|81|78|46|88|95|84|42|75|63|100|51|114|116|66|22|90|44|118|107|65|39|119|93|82|32|30|120|36|128|86|10|18|25|7|94|125|104|108|56|9|112|38|57|4|64|110|70|98|133,135|0|96|123|48|53,1|1|1|1|1|1
428,73|58|67|20|9|92|61|82|37|46|78|48|34|84|85|93|101|80|91|5|23|74|40|11|75|79|99|33|95|38|21|14|57|55|16|35|24|12|25|100|96|106|104|49|0,107|81|102|52|108|64,1|1|1|1|1|1
429,106|83|93|19|105|84|112|124|86|81|48|121|113|114|95|7|9|127|94|125|130|23|49|29|38|37|47|11|20|103|111|101|77|4|56|104|122|116|63|45|57|73|118|34|0|108|90|88|96|72|58|55|54|39|31|32|12|3|102|46|40|52|33|92|91|61|53|24|15|6|22|98|99|85|51|42|1|8|30|82|110|67|70|17|78|75|65|80|5|62|76|66|27|50|18|21|64|44|41|16|43|97|25|60|71|10|89|119|107|128|109|120|132|26|100|79,126|123|117|129|74|87,1|1|1|1|1|1
430,11|47|48|23|37|18|29|26|25|38|21|35|3|13|15,36|16|9|19|0|46,1|1|1|1|1|1
